<?xml version="1.0" encoding="UTF-8" standalone="yes"?>
<addon id="repository.mathematical_muscle" name="Mathematical Muscle Repo" version="1.0.0" provider-name="Mathematical Muscle">
    <extension point="xbmc.addon.repository" name="Mathematical Muscle Repo for Kodi">
        <info compressed="true">http://raw.github.com/MathematicalMuscle/Mathematical_Muscle_Repo/zips/addons.xml.gz</info>
        <checksum>http://raw.github.com/MathematicalMuscle/Mathematical_Muscle_Repo/master/zips/addons.xml.md5</checksum>
        <datadir zip="true">http://raw.github.com/MathematicalMuscle/Mathematical_Muscle_Repo/master/zips</datadir>
    </extension>
    <extension point="xbmc.addon.metadata">
        <summary>Mathematical Muscle Repo</summary>
        <description>Mathematical Muscle Repo</description>
	<disclaimer></disclaimer>
	<platform>all</platform>
	<license>GNU GENERAL PUBLIC LICENSE. Version 2, June 1991</license>
        <source>https://github.com/MathematicalMuscle/Mathematical_Muscle_Repo</source>
    </extension>
</addon>
