<?xml version="1.0" encoding="UTF-8" standalone="yes"?>
<addon id="script.remote_downloader" name="Remote Downloader" version="0.0.3" provider-name="Mathematical Muscle">
    <requires>
        <import addon="xbmc.python" version="2.14.0"/>
        <import addon="script.common.plugin.cache" version="0.9.1" />
        <import addon="script.module.requests" version="2.9.1" />
    </requires>
    <extension point="xbmc.python.script" library="addon.py">
    </extension>
    <extension point="xbmc.addon.metadata">
        <platform>all</platform>
        <summary lang="en">Download a stream onto a remote device</summary>
        <description lang="en">Download a stream onto a remote device</description>
        <license>GNU General Public License, v2</license>
        <language>en</language>
    </extension>
    <news>
        v0.0.1 (2016-11-04) - Initial commit
        v0.0.2 (2016-11-08) - Added icon
        v0.0.3 (2016-11-09) - Modify 'Last Played' addon (in addition to Exodus); changed icon
    </news>
</addon>
