<?xml version="1.0" encoding="UTF-8" standalone="yes"?>
<addon id="script.remote_downloader" name="Remote Downloader" version="0.1.13" provider-name="Mathematical Muscle">
    <requires>
        <import addon="xbmc.python" version="2.14.0"/>
        <import addon="script.common.plugin.cache" version="0.9.1" />
        <import addon="script.module.requests" version="2.9.1" />
    </requires>
    <extension point="xbmc.python.script" library="addon.py">
    </extension>
    <extension point="xbmc.addon.metadata">
        <platform>all</platform>
        <summary lang="en">Download a stream onto a remote device</summary>
        <description lang="en">Download a stream onto a remote device</description>
        <license>GNU General Public License, v2</license>
        <language>en</language>
    </extension>
    <news>
        v0.0.1  (2016-11-04) - Initial commit
        v0.0.2  (2016-11-08) - Added icon
        v0.0.3  (2016-11-09) - Modify 'Last Played' addon (in addition to Exodus); changed icon
        v0.0.4  (2017-01-18) - Added an option to download each movie into its own folder or not
        v0.0.5  (2017-02-04) - Updated the modification of the Exodus and Last Played addons
        v0.0.6  (2017-03-20) - Added the option to update the library after each download finishes
        v0.0.7  (2017-03-20) - Fixed a typo ('local_movies_folder' --> 'update_library')
        v0.0.8  (2017-04-03) - Cleaned up code; modify Exodus download settings (if necessary)
        v0.0.9  (2017-04-04) - Automatically modify Exodus using Kodi Callbacks (if installed)
        v0.0.10 (2017-04-04) - Fixed a typo
        v0.0.11 (2017-04-04) - String formatting
        v0.0.12 (2017-04-04) - Make sure the remote Kodi is available before trying to download
        v0.0.13 (2017-05-08) - Don't start the download unless 'Confirm' is selected (hitting the back button won't start it)
        v0.0.14 (2017-06-03) - Display 'Remote Downloader' as the title of the yes/no dialog, not the title
        v0.0.15 (2017-07-31) - Now also works with Covenant and Elysium
        v0.0.16 (2017-07-31) - Modify the 'Default action' setting for Covenant and Elysium
        v0.0.17 (2017-08-02) - Download the current stream (requires defining a keymap)
        v0.0.18 (2017-08-02) - Fixed downloading of current stream
        v0.0.19 (2017-08-02) - Improved handling of media info
        v0.0.20 (2017-08-02) - Get a stream's thumbnail
        v0.0.21 (2017-08-10) - Don't overwrite an existing file
        v0.0.22 (2017-08-10) - Include the year in movie filenames
        v0.0.23 (2017-08-21) - Enabled custom regex substitutions in titles
        v0.0.24 (2017-08-29) - Enabled multiple remote Kodi systems and local downloading if none are available
        v0.1.0  (2017-08-29) - Bug fixes, multiple remote Kodi systems now works
        v0.1.1  (2017-08-29) - Fixed some minor typos
        v0.1.2  (2017-08-29) - Fixed settings labels
        v0.1.3  (2017-08-30) - Fixed a typo in the settings labels
        v0.1.4  (2017-08-30) - Fixed download progress notifications
        v0.1.5  (2017-08-30) - Bug fix
        v0.1.6  (2017-08-30) - Removed debugging code
        v0.1.7  (2017-08-31) - Improved confirmation and notification messages
        v0.1.8  (2017-09-04) - Don't download videos with zero size; input TV season and episode as numbers
        v0.1.9  (2017-09-06) - Don't download videos smaller than 1 MB
        v0.1.10 (2017-09-06) - Don't make directories until the download is confirmed
        v0.1.11 (2017-09-06) - Cleaned up size variables
        v0.1.12 (2017-09-06) - added 'update_addons' option for 'action' that checks for addon updates
        v0.1.13 (2017-09-07) - Updated the code for modifying addons
    </news>
</addon>
