<?xml version="1.0" encoding="UTF-8" standalone="yes"?>
<addon id="script.mysql_setter_upper" name="MySQL Setter-Upper" version="0.0.2" provider-name="Mathematical Muscle">
    <requires>
        <import addon="xbmc.python" version="2.14.0"/>
        <import addon="script.common.plugin.cache" version="0.9.1" />
        <import addon="script.module.requests" version="2.9.1" />
    </requires>
    <extension point="xbmc.python.script" library="addon.py">
    </extension>
    <extension point="xbmc.addon.metadata">
        <platform>all</platform>
        <summary lang="en">Setup a MySQL database for Kodi</summary>
        <description lang="en">Setup a MySQL database for Kodi</description>
        <license>GNU General Public License, v2</license>
        <language>en</language>
    </extension>
    <news>
        v0.0.01 (2018-01-30) - Initial commit
        v0.0.02 (2018-01-31) - Made 'Add path substitution...' its own option
    </news>
</addon>
